<?xml version="1.0" encoding="UTF-8"?>
<project name="src" default="all">
  
  
  <property file="src.properties"/>
  <!-- Uncomment the following property if no tests compilation is needed -->
  <!-- 
  <property name="skip.tests" value="true"/>
   -->
  
  <!-- Compiler options -->
  
  <property name="compiler.debug" value="on"/>
  <property name="compiler.generate.no.warnings" value="off"/>
  <property name="compiler.args" value=""/>
  <property name="compiler.max.memory" value="700m"/>
  <patternset id="ignored.files">
    <exclude name="**/*.hprof/**"/>
    <exclude name="**/*.pyc/**"/>
    <exclude name="**/*.pyo/**"/>
    <exclude name="**/*.rbc/**"/>
    <exclude name="**/*.yarb/**"/>
    <exclude name="**/*~/**"/>
    <exclude name="**/.DS_Store/**"/>
    <exclude name="**/.git/**"/>
    <exclude name="**/.hg/**"/>
    <exclude name="**/.svn/**"/>
    <exclude name="**/CVS/**"/>
    <exclude name="**/__pycache__/**"/>
    <exclude name="**/_svn/**"/>
    <exclude name="**/vssver.scc/**"/>
    <exclude name="**/vssver2.scc/**"/>
  </patternset>
  <patternset id="library.patterns">
    <include name="*.war"/>
    <include name="*.swc"/>
    <include name="*.zip"/>
    <include name="*.egg"/>
    <include name="*.ane"/>
    <include name="*.jar"/>
    <include name="*.ear"/>
  </patternset>
  <patternset id="compiler.resources">
    <exclude name="**/?*.java"/>
    <exclude name="**/?*.form"/>
    <exclude name="**/?*.class"/>
    <exclude name="**/?*.groovy"/>
    <exclude name="**/?*.scala"/>
    <exclude name="**/?*.flex"/>
    <exclude name="**/?*.kt"/>
    <exclude name="**/?*.clj"/>
    <exclude name="**/?*.aj"/>
  </patternset>
  
  <!-- JDK definitions -->
  
  <property name="jdk.bin.1.8" value="${jdk.home.1.8}/bin"/>
  <path id="jdk.classpath.1.8">
    <fileset dir="${jdk.home.1.8}">
      <include name="jre/lib/charsets.jar"/>
      <include name="jre/lib/deploy.jar"/>
      <include name="jre/lib/ext/access-bridge-64.jar"/>
      <include name="jre/lib/ext/cldrdata.jar"/>
      <include name="jre/lib/ext/dnsns.jar"/>
      <include name="jre/lib/ext/jaccess.jar"/>
      <include name="jre/lib/ext/jfxrt.jar"/>
      <include name="jre/lib/ext/localedata.jar"/>
      <include name="jre/lib/ext/nashorn.jar"/>
      <include name="jre/lib/ext/sunec.jar"/>
      <include name="jre/lib/ext/sunjce_provider.jar"/>
      <include name="jre/lib/ext/sunmscapi.jar"/>
      <include name="jre/lib/ext/sunpkcs11.jar"/>
      <include name="jre/lib/ext/zipfs.jar"/>
      <include name="jre/lib/javaws.jar"/>
      <include name="jre/lib/jce.jar"/>
      <include name="jre/lib/jfr.jar"/>
      <include name="jre/lib/jfxswt.jar"/>
      <include name="jre/lib/jsse.jar"/>
      <include name="jre/lib/management-agent.jar"/>
      <include name="jre/lib/plugin.jar"/>
      <include name="jre/lib/resources.jar"/>
      <include name="jre/lib/rt.jar"/>
    </fileset>
  </path>
  
  <property name="project.jdk.home" value="${jdk.home.1.8}"/>
  <property name="project.jdk.bin" value="${jdk.bin.1.8}"/>
  <property name="project.jdk.classpath" value="jdk.classpath.1.8"/>
  <!-- Register Custom Compiler Taskdefs -->
  <property name="javac2.home" value="${idea.home}/lib"/>
  <path id="javac2.classpath">
    <fileset dir="${javac2.home}">
      <include name="javac2.jar"/>
      <include name="jdom.jar"/>
      <include name="asm-all*.jar"/>
      <include name="jgoodies-forms.jar"/>
    </fileset>
  </path>
  <target name="register.custom.compilers">
    <taskdef name="javac2" classname="com.intellij.ant.Javac2" classpathref="javac2.classpath"/>
    <taskdef name="instrumentIdeaExtensions" classname="com.intellij.ant.InstrumentIdeaExtensions" classpathref="javac2.classpath"/>
  </target>
  
  <!-- Modules -->
  
  
  <!-- Module Snake-master -->
  
  <dirname property="module.snake-master.basedir" file="${ant.file}"/>
  
  
  <property name="module.jdk.home.snake-master" value="${project.jdk.home}"/>
  <property name="module.jdk.bin.snake-master" value="${project.jdk.bin}"/>
  <property name="module.jdk.classpath.snake-master" value="${project.jdk.classpath}"/>
  
  <property name="compiler.args.snake-master" value="-encoding UTF-8 -source 9 -target 9 ${compiler.args}"/>
  
  <property name="snake-master.output.dir" value="${module.snake-master.basedir}/out/production/Snake-master"/>
  <property name="snake-master.testoutput.dir" value="${module.snake-master.basedir}/out/test/Snake-master"/>
  
  <path id="snake-master.module.bootclasspath">
    <!-- Paths to be included in compilation bootclasspath -->
  </path>
  
  <path id="snake-master.module.production.classpath">
    <path refid="${module.jdk.classpath.snake-master}"/>
  </path>
  
  <path id="snake-master.runtime.production.module.classpath">
    <pathelement location="${snake-master.output.dir}"/>
  </path>
  
  <path id="snake-master.module.classpath">
    <path refid="${module.jdk.classpath.snake-master}"/>
    <pathelement location="${snake-master.output.dir}"/>
  </path>
  
  <path id="snake-master.runtime.module.classpath">
    <pathelement location="${snake-master.testoutput.dir}"/>
    <pathelement location="${snake-master.output.dir}"/>
  </path>
  
  
  <patternset id="excluded.from.module.snake-master">
    <patternset refid="ignored.files"/>
    <exclude name="out/**"/>
    <exclude name="out/artifacts/**"/>
    <exclude name="out/artifacts/Snake_master/**"/>
    <exclude name="out/production/**"/>
    <exclude name="out/production/Snake-master/**"/>
    <exclude name="out/production/Snake-master/.idea/**"/>
    <exclude name="out/production/Snake-master/.idea/artifacts/**"/>
    <exclude name="out/production/Snake-master/model/**"/>
    <exclude name="out/production/Snake-master/sample/**"/>
  </patternset>
  
  <patternset id="excluded.from.compilation.snake-master">
    <patternset refid="excluded.from.module.snake-master"/>
  </patternset>
  
  <path id="snake-master.module.sourcepath">
    <dirset dir="${module.snake-master.basedir}/../../Snake-master">
      <include name="src"/>
    </dirset>
  </path>
  
  
  <target name="compile.module.snake-master" depends="compile.module.snake-master.production,compile.module.snake-master.tests" description="Compile module Snake-master"/>
  
  <target name="compile.module.snake-master.production" depends="register.custom.compilers" description="Compile module Snake-master; production classes">
    <mkdir dir="${snake-master.output.dir}"/>
    <javac2 destdir="${snake-master.output.dir}" debug="${compiler.debug}" nowarn="${compiler.generate.no.warnings}" memorymaximumsize="${compiler.max.memory}" fork="true" executable="${module.jdk.bin.snake-master}/javac">
      <compilerarg line="${compiler.args.snake-master}"/>
      <bootclasspath refid="snake-master.module.bootclasspath"/>
      <classpath refid="snake-master.module.production.classpath"/>
      <src refid="snake-master.module.sourcepath"/>
      <patternset refid="excluded.from.compilation.snake-master"/>
    </javac2>
    
    <copy todir="${snake-master.output.dir}">
      <fileset dir="${module.snake-master.basedir}">
        <patternset refid="compiler.resources"/>
        <type type="file"/>
      </fileset>
    </copy>
  </target>
  
  <target name="compile.module.snake-master.tests" depends="register.custom.compilers,compile.module.snake-master.production" description="compile module Snake-master; test classes" unless="skip.tests"/>
  
  <target name="clean.module.snake-master" description="cleanup module">
    <delete dir="${snake-master.output.dir}"/>
    <delete dir="${snake-master.testoutput.dir}"/>
  </target>
  
  <target name="init" description="Build initialization">
    <!-- Perform any build initialization in this target -->
  </target>
  
  <target name="clean" depends="clean.module.snake-master, clean.artifact.snake-master" description="cleanup all"/>
  
  <target name="build.modules" depends="init, clean, compile.module.snake-master" description="build all modules"/>
  
  <target name="init.artifacts">
    <property name="artifacts.temp.dir" value="${basedir}/__artifacts_temp"/>
    <property name="artifact.output.snake-master" value="${basedir}/out/artifacts/Snake_master"/>
    <mkdir dir="${artifacts.temp.dir}"/>
    <property name="artifact.temp.output.Snake_master" value="${artifacts.temp.dir}/Snake_master.jar"/>
    <taskdef resource="com/sun/javafx/tools/ant/antlib.xml" uri="javafx:com.sun.javafx.tools.ant" classpath="${jdk.home.1.8}/lib/ant-javafx.jar"/>
  </target>
  
  <target name="clean.artifact.snake-master" description="clean Snake-master artifact output">
    <delete dir="${artifact.output.snake-master}"/>
  </target>
  
  <target name="artifact.snake-master" depends="init.artifacts, compile.module.snake-master" description="Build &#39;Snake-master&#39; artifact" xmlns:fx="javafx:com.sun.javafx.tools.ant">
    <mkdir dir="${artifact.output.snake-master}"/>
    <copy todir="${artifact.temp.output.Snake_master}">
      <fileset dir="${snake-master.output.dir}"/>
    </copy>
    <fx:fileset id="all_but_Snake_master" dir="${artifact.temp.output.Snake_master}" includes="**/*.jar">
      <exclude name="Snake_master.jar"/>
    </fx:fileset>
    <fx:fileset id="all_Snake_master" dir="${artifact.temp.output.Snake_master}" includes="**/*.jar"/>
    <fx:application id="Snake_master_id" name="Snake-master" mainClass="sample.Main"/>
    <fx:jar destfile="${artifact.temp.output.Snake_master}/Snake_master.jar">
      <fx:application refid="Snake_master_id"/>
      <fileset dir="${artifact.temp.output.Snake_master}" excludes="**/*.jar"/>
      <fx:resources>
        <fx:fileset refid="all_but_Snake_master"/>
      </fx:resources>
      <manifest>
        <attribute name="Implementation-Title" value="Sneiku desu ne"/>
        <attribute name="Implementation-Version" value=""/>
        <attribute name="Implementation-Vendor" value=""/>
      </manifest>
    </fx:jar>
    <fx:deploy width="600" height="400" updatemode="background" outdir="${artifact.temp.output.Snake_master}/deploy" outfile="Snake_master">
      <fx:application refid="Snake_master_id"/>
      <fx:info title="Sneiku desu ne"/>
      <fx:resources>
        <fx:fileset refid="all_Snake_master"/>
      </fx:resources>
    </fx:deploy>
    <copy todir="${artifact.output.snake-master}">
      <fileset dir="${artifact.temp.output.Snake_master}/deploy"/>
    </copy>
    <delete includeemptydirs="true">
      <fileset dir="${artifact.temp.output.Snake_master}"/>
    </delete>
  </target>
  
  <target name="build.all.artifacts" depends="artifact.snake-master" description="Build all artifacts">
    
    <!-- Delete temporary files -->
    <delete dir="${artifacts.temp.dir}"/>
  </target>
  
  <target name="all" depends="build.modules, build.all.artifacts" description="build all"/>
</project>